Method,Job,AnalyzeLaunchVariance,EvaluateOverhead,MaxAbsoluteError,MaxRelativeError,MinInvokeCount,MinIterationTime,OutlierMode,Affinity,EnvironmentVariables,Jit,LargeAddressAware,Platform,PowerPlanMode,Runtime,AllowVeryLargeObjects,Concurrent,CpuGroups,Force,HeapAffinitizeMask,HeapCount,NoAffinitize,RetainVm,Server,Arguments,BuildConfiguration,Clock,EngineFactory,NuGetReferences,Toolchain,IsMutator,InvocationCount,IterationCount,IterationTime,LaunchCount,MaxIterationCount,MaxWarmupIterationCount,MemoryRandomization,MinIterationCount,MinWarmupIterationCount,RunStrategy,UnrollFactor,WarmupCount,Size,Shape,Mean,Error,StdDev,Gen0,Gen1,Allocated
Multiply,Job-QPBZFU,False,Default,Default,Default,Default,Default,Default,11111111111111111111,Empty,RyuJit,Default,Arm64,8c5e7fda-e8bf-4a96-9a85-a6e23a8c635c,.NET 10.0,False,True,False,True,Default,Default,False,False,False,Default,Default,Default,Default,Default,Default,Default,Default,3,100ms,1,Default,Default,Default,Default,Default,Default,16,1,16,Square,"1,767.4 ns",215.59 ns,11.82 ns,0.6520,0.0000,2768 B
Transpose,Job-QPBZFU,False,Default,Default,Default,Default,Default,Default,11111111111111111111,Empty,RyuJit,Default,Arm64,8c5e7fda-e8bf-4a96-9a85-a6e23a8c635c,.NET 10.0,False,True,False,True,Default,Default,False,False,False,Default,Default,Default,Default,Default,Default,Default,Default,3,100ms,1,Default,Default,Default,Default,Default,Default,16,1,16,Square,293.3 ns,86.88 ns,4.76 ns,0.6233,0.0000,2616 B
Copy,Job-QPBZFU,False,Default,Default,Default,Default,Default,Default,11111111111111111111,Empty,RyuJit,Default,Arm64,8c5e7fda-e8bf-4a96-9a85-a6e23a8c635c,.NET 10.0,False,True,False,True,Default,Default,False,False,False,Default,Default,Default,Default,Default,Default,Default,Default,3,100ms,1,Default,Default,Default,Default,Default,Default,16,1,16,Square,283.0 ns,30.28 ns,1.66 ns,0.6249,0.0000,2616 B
NormF,Job-QPBZFU,False,Default,Default,Default,Default,Default,Default,11111111111111111111,Empty,RyuJit,Default,Arm64,8c5e7fda-e8bf-4a96-9a85-a6e23a8c635c,.NET 10.0,False,True,False,True,Default,Default,False,False,False,Default,Default,Default,Default,Default,Default,Default,Default,3,100ms,1,Default,Default,Default,Default,Default,Default,16,1,16,Square,"2,403.3 ns",21.90 ns,1.20 ns,0.0000,0.0000,0 B
Norm1,Job-QPBZFU,False,Default,Default,Default,Default,Default,Default,11111111111111111111,Empty,RyuJit,Default,Arm64,8c5e7fda-e8bf-4a96-9a85-a6e23a8c635c,.NET 10.0,False,True,False,True,Default,Default,False,False,False,Default,Default,Default,Default,Default,Default,Default,Default,3,100ms,1,Default,Default,Default,Default,Default,Default,16,1,16,Square,129.5 ns,1.72 ns,0.09 ns,0.0000,0.0000,0 B
NormInfinity,Job-QPBZFU,False,Default,Default,Default,Default,Default,Default,11111111111111111111,Empty,RyuJit,Default,Arm64,8c5e7fda-e8bf-4a96-9a85-a6e23a8c635c,.NET 10.0,False,True,False,True,Default,Default,False,False,False,Default,Default,Default,Default,Default,Default,Default,Default,3,100ms,1,Default,Default,Default,Default,Default,Default,16,1,16,Square,129.6 ns,0.78 ns,0.04 ns,0.0000,0.0000,0 B
Multiply,Job-QPBZFU,False,Default,Default,Default,Default,Default,Default,11111111111111111111,Empty,RyuJit,Default,Arm64,8c5e7fda-e8bf-4a96-9a85-a6e23a8c635c,.NET 10.0,False,True,False,True,Default,Default,False,False,False,Default,Default,Default,Default,Default,Default,Default,Default,3,100ms,1,Default,Default,Default,Default,Default,Default,16,1,16,Tall,"3,452.7 ns",523.53 ns,28.70 ns,1.2692,0.0000,5328 B
Transpose,Job-QPBZFU,False,Default,Default,Default,Default,Default,Default,11111111111111111111,Empty,RyuJit,Default,Arm64,8c5e7fda-e8bf-4a96-9a85-a6e23a8c635c,.NET 10.0,False,True,False,True,Default,Default,False,False,False,Default,Default,Default,Default,Default,Default,Default,Default,3,100ms,1,Default,Default,Default,Default,Default,Default,16,1,16,Tall,505.9 ns,60.17 ns,3.30 ns,1.1118,0.0000,4664 B
Copy,Job-QPBZFU,False,Default,Default,Default,Default,Default,Default,11111111111111111111,Empty,RyuJit,Default,Arm64,8c5e7fda-e8bf-4a96-9a85-a6e23a8c635c,.NET 10.0,False,True,False,True,Default,Default,False,False,False,Default,Default,Default,Default,Default,Default,Default,Default,3,100ms,1,Default,Default,Default,Default,Default,Default,16,1,16,Tall,567.4 ns,62.00 ns,3.40 ns,1.2321,0.0000,5176 B
NormF,Job-QPBZFU,False,Default,Default,Default,Default,Default,Default,11111111111111111111,Empty,RyuJit,Default,Arm64,8c5e7fda-e8bf-4a96-9a85-a6e23a8c635c,.NET 10.0,False,True,False,True,Default,Default,False,False,False,Default,Default,Default,Default,Default,Default,Default,Default,3,100ms,1,Default,Default,Default,Default,Default,Default,16,1,16,Tall,"4,973.3 ns",76.96 ns,4.22 ns,0.0000,0.0000,0 B
Norm1,Job-QPBZFU,False,Default,Default,Default,Default,Default,Default,11111111111111111111,Empty,RyuJit,Default,Arm64,8c5e7fda-e8bf-4a96-9a85-a6e23a8c635c,.NET 10.0,False,True,False,True,Default,Default,False,False,False,Default,Default,Default,Default,Default,Default,Default,Default,3,100ms,1,Default,Default,Default,Default,Default,Default,16,1,16,Tall,265.3 ns,0.96 ns,0.05 ns,0.0000,0.0000,0 B
NormInfinity,Job-QPBZFU,False,Default,Default,Default,Default,Default,Default,11111111111111111111,Empty,RyuJit,Default,Arm64,8c5e7fda-e8bf-4a96-9a85-a6e23a8c635c,.NET 10.0,False,True,False,True,Default,Default,False,False,False,Default,Default,Default,Default,Default,Default,Default,Default,3,100ms,1,Default,Default,Default,Default,Default,Default,16,1,16,Tall,265.7 ns,1.06 ns,0.06 ns,0.0000,0.0000,0 B
Multiply,Job-QPBZFU,False,Default,Default,Default,Default,Default,Default,11111111111111111111,Empty,RyuJit,Default,Arm64,8c5e7fda-e8bf-4a96-9a85-a6e23a8c635c,.NET 10.0,False,True,False,True,Default,Default,False,False,False,Default,Default,Default,Default,Default,Default,Default,Default,3,100ms,1,Default,Default,Default,Default,Default,Default,16,1,16,Wide,"3,535.6 ns",333.21 ns,18.26 ns,0.6701,0.0000,2896 B
Transpose,Job-QPBZFU,False,Default,Default,Default,Default,Default,Default,11111111111111111111,Empty,RyuJit,Default,Arm64,8c5e7fda-e8bf-4a96-9a85-a6e23a8c635c,.NET 10.0,False,True,False,True,Default,Default,False,False,False,Default,Default,Default,Default,Default,Default,Default,Default,3,100ms,1,Default,Default,Default,Default,Default,Default,16,1,16,Wide,583.6 ns,56.26 ns,3.08 ns,1.2370,0.0000,5176 B
Copy,Job-QPBZFU,False,Default,Default,Default,Default,Default,Default,11111111111111111111,Empty,RyuJit,Default,Arm64,8c5e7fda-e8bf-4a96-9a85-a6e23a8c635c,.NET 10.0,False,True,False,True,Default,Default,False,False,False,Default,Default,Default,Default,Default,Default,Default,Default,3,100ms,1,Default,Default,Default,Default,Default,Default,16,1,16,Wide,487.9 ns,62.62 ns,3.43 ns,1.1105,0.0000,4664 B
NormF,Job-QPBZFU,False,Default,Default,Default,Default,Default,Default,11111111111111111111,Empty,RyuJit,Default,Arm64,8c5e7fda-e8bf-4a96-9a85-a6e23a8c635c,.NET 10.0,False,True,False,True,Default,Default,False,False,False,Default,Default,Default,Default,Default,Default,Default,Default,3,100ms,1,Default,Default,Default,Default,Default,Default,16,1,16,Wide,"4,975.3 ns",24.51 ns,1.34 ns,0.0000,0.0000,0 B
Norm1,Job-QPBZFU,False,Default,Default,Default,Default,Default,Default,11111111111111111111,Empty,RyuJit,Default,Arm64,8c5e7fda-e8bf-4a96-9a85-a6e23a8c635c,.NET 10.0,False,True,False,True,Default,Default,False,False,False,Default,Default,Default,Default,Default,Default,Default,Default,3,100ms,1,Default,Default,Default,Default,Default,Default,16,1,16,Wide,265.6 ns,2.51 ns,0.14 ns,0.0000,0.0000,0 B
NormInfinity,Job-QPBZFU,False,Default,Default,Default,Default,Default,Default,11111111111111111111,Empty,RyuJit,Default,Arm64,8c5e7fda-e8bf-4a96-9a85-a6e23a8c635c,.NET 10.0,False,True,False,True,Default,Default,False,False,False,Default,Default,Default,Default,Default,Default,Default,Default,3,100ms,1,Default,Default,Default,Default,Default,Default,16,1,16,Wide,265.9 ns,4.23 ns,0.23 ns,0.0000,0.0000,0 B
Multiply,Job-QPBZFU,False,Default,Default,Default,Default,Default,Default,11111111111111111111,Empty,RyuJit,Default,Arm64,8c5e7fda-e8bf-4a96-9a85-a6e23a8c635c,.NET 10.0,False,True,False,True,Default,Default,False,False,False,Default,Default,Default,Default,Default,Default,Default,Default,3,100ms,1,Default,Default,Default,Default,Default,Default,16,1,64,Square,"109,018.1 ns","12,277.16 ns",672.95 ns,7.5431,0.0000,35408 B
Transpose,Job-QPBZFU,False,Default,Default,Default,Default,Default,Default,11111111111111111111,Empty,RyuJit,Default,Arm64,8c5e7fda-e8bf-4a96-9a85-a6e23a8c635c,.NET 10.0,False,True,False,True,Default,Default,False,False,False,Default,Default,Default,Default,Default,Default,Default,Default,3,100ms,1,Default,Default,Default,Default,Default,Default,16,1,64,Square,"3,753.6 ns",396.81 ns,21.75 ns,8.3333,0.0000,34872 B
Copy,Job-QPBZFU,False,Default,Default,Default,Default,Default,Default,11111111111111111111,Empty,RyuJit,Default,Arm64,8c5e7fda-e8bf-4a96-9a85-a6e23a8c635c,.NET 10.0,False,True,False,True,Default,Default,False,False,False,Default,Default,Default,Default,Default,Default,Default,Default,3,100ms,1,Default,Default,Default,Default,Default,Default,16,1,64,Square,"3,600.3 ns",338.62 ns,18.56 ns,8.3092,0.0000,34872 B
NormF,Job-QPBZFU,False,Default,Default,Default,Default,Default,Default,11111111111111111111,Empty,RyuJit,Default,Arm64,8c5e7fda-e8bf-4a96-9a85-a6e23a8c635c,.NET 10.0,False,True,False,True,Default,Default,False,False,False,Default,Default,Default,Default,Default,Default,Default,Default,3,100ms,1,Default,Default,Default,Default,Default,Default,16,1,64,Square,"40,950.6 ns",272.49 ns,14.94 ns,0.0000,0.0000,0 B
Norm1,Job-QPBZFU,False,Default,Default,Default,Default,Default,Default,11111111111111111111,Empty,RyuJit,Default,Arm64,8c5e7fda-e8bf-4a96-9a85-a6e23a8c635c,.NET 10.0,False,True,False,True,Default,Default,False,False,False,Default,Default,Default,Default,Default,Default,Default,Default,3,100ms,1,Default,Default,Default,Default,Default,Default,16,1,64,Square,"2,109.1 ns",9.99 ns,0.55 ns,0.0000,0.0000,0 B
NormInfinity,Job-QPBZFU,False,Default,Default,Default,Default,Default,Default,11111111111111111111,Empty,RyuJit,Default,Arm64,8c5e7fda-e8bf-4a96-9a85-a6e23a8c635c,.NET 10.0,False,True,False,True,Default,Default,False,False,False,Default,Default,Default,Default,Default,Default,Default,Default,3,100ms,1,Default,Default,Default,Default,Default,Default,16,1,64,Square,"2,109.4 ns",18.62 ns,1.02 ns,0.0000,0.0000,0 B
Multiply,Job-QPBZFU,False,Default,Default,Default,Default,Default,Default,11111111111111111111,Empty,RyuJit,Default,Arm64,8c5e7fda-e8bf-4a96-9a85-a6e23a8c635c,.NET 10.0,False,True,False,True,Default,Default,False,False,False,Default,Default,Default,Default,Default,Default,Default,Default,3,100ms,1,Default,Default,Default,Default,Default,Default,16,1,64,Tall,"218,131.5 ns","29,118.48 ns","1,596.08 ns",16.2037,0.0000,70224 B
Transpose,Job-QPBZFU,False,Default,Default,Default,Default,Default,Default,11111111111111111111,Empty,RyuJit,Default,Arm64,8c5e7fda-e8bf-4a96-9a85-a6e23a8c635c,.NET 10.0,False,True,False,True,Default,Default,False,False,False,Default,Default,Default,Default,Default,Default,Default,Default,3,100ms,1,Default,Default,Default,Default,Default,Default,16,1,64,Tall,"7,278.1 ns",844.95 ns,46.31 ns,16.1290,0.0720,67640 B
Copy,Job-QPBZFU,False,Default,Default,Default,Default,Default,Default,11111111111111111111,Empty,RyuJit,Default,Arm64,8c5e7fda-e8bf-4a96-9a85-a6e23a8c635c,.NET 10.0,False,True,False,True,Default,Default,False,False,False,Default,Default,Default,Default,Default,Default,Default,Default,3,100ms,1,Default,Default,Default,Default,Default,Default,16,1,64,Tall,"7,330.5 ns",815.46 ns,44.70 ns,16.6130,0.0732,69688 B
NormF,Job-QPBZFU,False,Default,Default,Default,Default,Default,Default,11111111111111111111,Empty,RyuJit,Default,Arm64,8c5e7fda-e8bf-4a96-9a85-a6e23a8c635c,.NET 10.0,False,True,False,True,Default,Default,False,False,False,Default,Default,Default,Default,Default,Default,Default,Default,3,100ms,1,Default,Default,Default,Default,Default,Default,16,1,64,Tall,"81,951.7 ns",74.14 ns,4.06 ns,0.0000,0.0000,0 B
Norm1,Job-QPBZFU,False,Default,Default,Default,Default,Default,Default,11111111111111111111,Empty,RyuJit,Default,Arm64,8c5e7fda-e8bf-4a96-9a85-a6e23a8c635c,.NET 10.0,False,True,False,True,Default,Default,False,False,False,Default,Default,Default,Default,Default,Default,Default,Default,3,100ms,1,Default,Default,Default,Default,Default,Default,16,1,64,Tall,"4,225.2 ns",23.24 ns,1.27 ns,0.0000,0.0000,0 B
NormInfinity,Job-QPBZFU,False,Default,Default,Default,Default,Default,Default,11111111111111111111,Empty,RyuJit,Default,Arm64,8c5e7fda-e8bf-4a96-9a85-a6e23a8c635c,.NET 10.0,False,True,False,True,Default,Default,False,False,False,Default,Default,Default,Default,Default,Default,Default,Default,3,100ms,1,Default,Default,Default,Default,Default,Default,16,1,64,Tall,"4,216.9 ns",10.44 ns,0.57 ns,0.0000,0.0000,0 B
Multiply,Job-QPBZFU,False,Default,Default,Default,Default,Default,Default,11111111111111111111,Empty,RyuJit,Default,Arm64,8c5e7fda-e8bf-4a96-9a85-a6e23a8c635c,.NET 10.0,False,True,False,True,Default,Default,False,False,False,Default,Default,Default,Default,Default,Default,Default,Default,3,100ms,1,Default,Default,Default,Default,Default,Default,16,1,64,Wide,"239,901.1 ns","30,155.14 ns","1,652.91 ns",6.9444,0.0000,35920 B
Transpose,Job-QPBZFU,False,Default,Default,Default,Default,Default,Default,11111111111111111111,Empty,RyuJit,Default,Arm64,8c5e7fda-e8bf-4a96-9a85-a6e23a8c635c,.NET 10.0,False,True,False,True,Default,Default,False,False,False,Default,Default,Default,Default,Default,Default,Default,Default,3,100ms,1,Default,Default,Default,Default,Default,Default,16,1,64,Wide,"7,526.4 ns",642.59 ns,35.22 ns,16.6567,0.0750,69688 B
Copy,Job-QPBZFU,False,Default,Default,Default,Default,Default,Default,11111111111111111111,Empty,RyuJit,Default,Arm64,8c5e7fda-e8bf-4a96-9a85-a6e23a8c635c,.NET 10.0,False,True,False,True,Default,Default,False,False,False,Default,Default,Default,Default,Default,Default,Default,Default,3,100ms,1,Default,Default,Default,Default,Default,Default,16,1,64,Wide,"6,918.6 ns",745.13 ns,40.84 ns,16.1602,0.0691,67640 B
NormF,Job-QPBZFU,False,Default,Default,Default,Default,Default,Default,11111111111111111111,Empty,RyuJit,Default,Arm64,8c5e7fda-e8bf-4a96-9a85-a6e23a8c635c,.NET 10.0,False,True,False,True,Default,Default,False,False,False,Default,Default,Default,Default,Default,Default,Default,Default,3,100ms,1,Default,Default,Default,Default,Default,Default,16,1,64,Wide,"81,951.6 ns",40.87 ns,2.24 ns,0.0000,0.0000,0 B
Norm1,Job-QPBZFU,False,Default,Default,Default,Default,Default,Default,11111111111111111111,Empty,RyuJit,Default,Arm64,8c5e7fda-e8bf-4a96-9a85-a6e23a8c635c,.NET 10.0,False,True,False,True,Default,Default,False,False,False,Default,Default,Default,Default,Default,Default,Default,Default,3,100ms,1,Default,Default,Default,Default,Default,Default,16,1,64,Wide,"4,226.1 ns",12.72 ns,0.70 ns,0.0000,0.0000,0 B
NormInfinity,Job-QPBZFU,False,Default,Default,Default,Default,Default,Default,11111111111111111111,Empty,RyuJit,Default,Arm64,8c5e7fda-e8bf-4a96-9a85-a6e23a8c635c,.NET 10.0,False,True,False,True,Default,Default,False,False,False,Default,Default,Default,Default,Default,Default,Default,Default,3,100ms,1,Default,Default,Default,Default,Default,Default,16,1,64,Wide,"4,214.8 ns",19.65 ns,1.08 ns,0.0000,0.0000,0 B
Multiply,Job-QPBZFU,False,Default,Default,Default,Default,Default,Default,11111111111111111111,Empty,RyuJit,Default,Arm64,8c5e7fda-e8bf-4a96-9a85-a6e23a8c635c,.NET 10.0,False,True,False,True,Default,Default,False,False,False,Default,Default,Default,Default,Default,Default,Default,Default,3,100ms,1,Default,Default,Default,Default,Default,Default,16,1,192,Square,"3,822,840.9 ns","259,262.46 ns","14,211.05 ns",62.5000,0.0000,302672 B
Transpose,Job-QPBZFU,False,Default,Default,Default,Default,Default,Default,11111111111111111111,Empty,RyuJit,Default,Arm64,8c5e7fda-e8bf-4a96-9a85-a6e23a8c635c,.NET 10.0,False,True,False,True,Default,Default,False,False,False,Default,Default,Default,Default,Default,Default,Default,Default,3,100ms,1,Default,Default,Default,Default,Default,Default,16,1,192,Square,"35,172.4 ns","5,563.39 ns",304.95 ns,64.2361,22.9167,301112 B
Copy,Job-QPBZFU,False,Default,Default,Default,Default,Default,Default,11111111111111111111,Empty,RyuJit,Default,Arm64,8c5e7fda-e8bf-4a96-9a85-a6e23a8c635c,.NET 10.0,False,True,False,True,Default,Default,False,False,False,Default,Default,Default,Default,Default,Default,Default,Default,3,100ms,1,Default,Default,Default,Default,Default,Default,16,1,192,Square,"31,500.2 ns","6,040.55 ns",331.10 ns,64.1711,22.7273,301112 B
NormF,Job-QPBZFU,False,Default,Default,Default,Default,Default,Default,11111111111111111111,Empty,RyuJit,Default,Arm64,8c5e7fda-e8bf-4a96-9a85-a6e23a8c635c,.NET 10.0,False,True,False,True,Default,Default,False,False,False,Default,Default,Default,Default,Default,Default,Default,Default,3,100ms,1,Default,Default,Default,Default,Default,Default,16,1,192,Square,"372,942.1 ns","62,021.25 ns","3,399.59 ns",0.0000,0.0000,0 B
Norm1,Job-QPBZFU,False,Default,Default,Default,Default,Default,Default,11111111111111111111,Empty,RyuJit,Default,Arm64,8c5e7fda-e8bf-4a96-9a85-a6e23a8c635c,.NET 10.0,False,True,False,True,Default,Default,False,False,False,Default,Default,Default,Default,Default,Default,Default,Default,3,100ms,1,Default,Default,Default,Default,Default,Default,16,1,192,Square,"23,699.5 ns","54,430.20 ns","2,983.50 ns",0.0000,0.0000,0 B
NormInfinity,Job-QPBZFU,False,Default,Default,Default,Default,Default,Default,11111111111111111111,Empty,RyuJit,Default,Arm64,8c5e7fda-e8bf-4a96-9a85-a6e23a8c635c,.NET 10.0,False,True,False,True,Default,Default,False,False,False,Default,Default,Default,Default,Default,Default,Default,Default,3,100ms,1,Default,Default,Default,Default,Default,Default,16,1,192,Square,"19,597.4 ns",723.25 ns,39.64 ns,0.0000,0.0000,0 B
Multiply,Job-QPBZFU,False,Default,Default,Default,Default,Default,Default,11111111111111111111,Empty,RyuJit,Default,Arm64,8c5e7fda-e8bf-4a96-9a85-a6e23a8c635c,.NET 10.0,False,True,False,True,Default,Default,False,False,False,Default,Default,Default,Default,Default,Default,Default,Default,3,100ms,1,Default,Default,Default,Default,Default,Default,16,1,192,Tall,"7,588,231.1 ns","227,469.74 ns","12,468.38 ns",76.9231,0.0000,603728 B
Transpose,Job-QPBZFU,False,Default,Default,Default,Default,Default,Default,11111111111111111111,Empty,RyuJit,Default,Arm64,8c5e7fda-e8bf-4a96-9a85-a6e23a8c635c,.NET 10.0,False,True,False,True,Default,Default,False,False,False,Default,Default,Default,Default,Default,Default,Default,Default,3,100ms,1,Default,Default,Default,Default,Default,Default,16,1,192,Tall,"75,401.8 ns","11,350.70 ns",622.17 ns,114.5833,73.6607,596024 B
Copy,Job-QPBZFU,False,Default,Default,Default,Default,Default,Default,11111111111111111111,Empty,RyuJit,Default,Arm64,8c5e7fda-e8bf-4a96-9a85-a6e23a8c635c,.NET 10.0,False,True,False,True,Default,Default,False,False,False,Default,Default,Default,Default,Default,Default,Default,Default,3,100ms,1,Default,Default,Default,Default,Default,Default,16,1,192,Tall,"69,794.1 ns","19,139.71 ns","1,049.11 ns",117.5000,55.0000,602168 B
NormF,Job-QPBZFU,False,Default,Default,Default,Default,Default,Default,11111111111111111111,Empty,RyuJit,Default,Arm64,8c5e7fda-e8bf-4a96-9a85-a6e23a8c635c,.NET 10.0,False,True,False,True,Default,Default,False,False,False,Default,Default,Default,Default,Default,Default,Default,Default,3,100ms,1,Default,Default,Default,Default,Default,Default,16,1,192,Tall,"740,719.8 ns","30,203.88 ns","1,655.58 ns",0.0000,0.0000,0 B
Norm1,Job-QPBZFU,False,Default,Default,Default,Default,Default,Default,11111111111111111111,Empty,RyuJit,Default,Arm64,8c5e7fda-e8bf-4a96-9a85-a6e23a8c635c,.NET 10.0,False,True,False,True,Default,Default,False,False,False,Default,Default,Default,Default,Default,Default,Default,Default,3,100ms,1,Default,Default,Default,Default,Default,Default,16,1,192,Tall,"38,898.9 ns",126.14 ns,6.91 ns,0.0000,0.0000,0 B
NormInfinity,Job-QPBZFU,False,Default,Default,Default,Default,Default,Default,11111111111111111111,Empty,RyuJit,Default,Arm64,8c5e7fda-e8bf-4a96-9a85-a6e23a8c635c,.NET 10.0,False,True,False,True,Default,Default,False,False,False,Default,Default,Default,Default,Default,Default,Default,Default,3,100ms,1,Default,Default,Default,Default,Default,Default,16,1,192,Tall,"39,121.8 ns",88.67 ns,4.86 ns,0.0000,0.0000,0 B
Multiply,Job-QPBZFU,False,Default,Default,Default,Default,Default,Default,11111111111111111111,Empty,RyuJit,Default,Arm64,8c5e7fda-e8bf-4a96-9a85-a6e23a8c635c,.NET 10.0,False,True,False,True,Default,Default,False,False,False,Default,Default,Default,Default,Default,Default,Default,Default,3,100ms,1,Default,Default,Default,Default,Default,Default,16,1,192,Wide,"7,546,613.7 ns","61,285.00 ns","3,359.24 ns",0.0000,0.0000,304208 B
Transpose,Job-QPBZFU,False,Default,Default,Default,Default,Default,Default,11111111111111111111,Empty,RyuJit,Default,Arm64,8c5e7fda-e8bf-4a96-9a85-a6e23a8c635c,.NET 10.0,False,True,False,True,Default,Default,False,False,False,Default,Default,Default,Default,Default,Default,Default,Default,3,100ms,1,Default,Default,Default,Default,Default,Default,16,1,192,Wide,"78,613.9 ns","15,287.00 ns",837.93 ns,118.0556,54.7840,602168 B
Copy,Job-QPBZFU,False,Default,Default,Default,Default,Default,Default,11111111111111111111,Empty,RyuJit,Default,Arm64,8c5e7fda-e8bf-4a96-9a85-a6e23a8c635c,.NET 10.0,False,True,False,True,Default,Default,False,False,False,Default,Default,Default,Default,Default,Default,Default,Default,3,100ms,1,Default,Default,Default,Default,Default,Default,16,1,192,Wide,"67,914.0 ns","16,897.07 ns",926.19 ns,114.8098,72.0109,596024 B
NormF,Job-QPBZFU,False,Default,Default,Default,Default,Default,Default,11111111111111111111,Empty,RyuJit,Default,Arm64,8c5e7fda-e8bf-4a96-9a85-a6e23a8c635c,.NET 10.0,False,True,False,True,Default,Default,False,False,False,Default,Default,Default,Default,Default,Default,Default,Default,3,100ms,1,Default,Default,Default,Default,Default,Default,16,1,192,Wide,"741,628.4 ns","32,830.50 ns","1,799.55 ns",0.0000,0.0000,0 B
Norm1,Job-QPBZFU,False,Default,Default,Default,Default,Default,Default,11111111111111111111,Empty,RyuJit,Default,Arm64,8c5e7fda-e8bf-4a96-9a85-a6e23a8c635c,.NET 10.0,False,True,False,True,Default,Default,False,False,False,Default,Default,Default,Default,Default,Default,Default,Default,3,100ms,1,Default,Default,Default,Default,Default,Default,16,1,192,Wide,"39,693.7 ns",509.46 ns,27.93 ns,0.0000,0.0000,0 B
NormInfinity,Job-QPBZFU,False,Default,Default,Default,Default,Default,Default,11111111111111111111,Empty,RyuJit,Default,Arm64,8c5e7fda-e8bf-4a96-9a85-a6e23a8c635c,.NET 10.0,False,True,False,True,Default,Default,False,False,False,Default,Default,Default,Default,Default,Default,Default,Default,3,100ms,1,Default,Default,Default,Default,Default,Default,16,1,192,Wide,"38,871.8 ns",47.17 ns,2.59 ns,0.0000,0.0000,0 B
