Method,Job,AnalyzeLaunchVariance,EvaluateOverhead,MaxAbsoluteError,MaxRelativeError,MinInvokeCount,MinIterationTime,OutlierMode,Affinity,EnvironmentVariables,Jit,LargeAddressAware,Platform,PowerPlanMode,Runtime,AllowVeryLargeObjects,Concurrent,CpuGroups,Force,HeapAffinitizeMask,HeapCount,NoAffinitize,RetainVm,Server,Arguments,BuildConfiguration,Clock,EngineFactory,NuGetReferences,Toolchain,IsMutator,InvocationCount,IterationCount,IterationTime,LaunchCount,MaxIterationCount,MaxWarmupIterationCount,MemoryRandomization,MinIterationCount,MinWarmupIterationCount,RunStrategy,UnrollFactor,WarmupCount,Size,Shape,Mean,Error,StdDev,Gen0,Allocated
FactorSVD,Job-QPBZFU,False,Default,Default,Default,Default,Default,Default,11111111111111111111,Empty,RyuJit,Default,Arm64,8c5e7fda-e8bf-4a96-9a85-a6e23a8c635c,.NET 10.0,False,True,False,True,Default,Default,False,False,False,Default,Default,Default,Default,Default,Default,Default,Default,3,100ms,1,Default,Default,Default,Default,Default,Default,16,1,16,Square,"42,469.5 ns","4,100.49 ns",224.76 ns,1.6892,8.06 KB
RepeatedMinimumNormSolve,Job-QPBZFU,False,Default,Default,Default,Default,Default,Default,11111111111111111111,Empty,RyuJit,Default,Arm64,8c5e7fda-e8bf-4a96-9a85-a6e23a8c635c,.NET 10.0,False,True,False,True,Default,Default,False,False,False,Default,Default,Default,Default,Default,Default,Default,Default,3,100ms,1,Default,Default,Default,Default,Default,Default,16,1,16,Square,504.4 ns,53.78 ns,2.95 ns,0.2929,1.2 KB
FactorSVD,Job-QPBZFU,False,Default,Default,Default,Default,Default,Default,11111111111111111111,Empty,RyuJit,Default,Arm64,8c5e7fda-e8bf-4a96-9a85-a6e23a8c635c,.NET 10.0,False,True,False,True,Default,Default,False,False,False,Default,Default,Default,Default,Default,Default,Default,Default,3,100ms,1,Default,Default,Default,Default,Default,Default,16,1,16,Tall,"71,485.4 ns","7,893.34 ns",432.66 ns,2.8409,13.19 KB
RepeatedMinimumNormSolve,Job-QPBZFU,False,Default,Default,Default,Default,Default,Default,11111111111111111111,Empty,RyuJit,Default,Arm64,8c5e7fda-e8bf-4a96-9a85-a6e23a8c635c,.NET 10.0,False,True,False,True,Default,Default,False,False,False,Default,Default,Default,Default,Default,Default,Default,Default,3,100ms,1,Default,Default,Default,Default,Default,Default,16,1,16,Tall,949.7 ns,105.54 ns,5.78 ns,0.3229,1.33 KB
FactorSVD,Job-QPBZFU,False,Default,Default,Default,Default,Default,Default,11111111111111111111,Empty,RyuJit,Default,Arm64,8c5e7fda-e8bf-4a96-9a85-a6e23a8c635c,.NET 10.0,False,True,False,True,Default,Default,False,False,False,Default,Default,Default,Default,Default,Default,Default,Default,3,100ms,1,Default,Default,Default,Default,Default,Default,16,1,16,Wide,"77,036.6 ns","7,766.00 ns",425.68 ns,3.8110,18.29 KB
RepeatedMinimumNormSolve,Job-QPBZFU,False,Default,Default,Default,Default,Default,Default,11111111111111111111,Empty,RyuJit,Default,Arm64,8c5e7fda-e8bf-4a96-9a85-a6e23a8c635c,.NET 10.0,False,True,False,True,Default,Default,False,False,False,Default,Default,Default,Default,Default,Default,Default,Default,3,100ms,1,Default,Default,Default,Default,Default,Default,16,1,16,Wide,979.7 ns,123.29 ns,6.76 ns,0.5374,2.2 KB
FactorSVD,Job-QPBZFU,False,Default,Default,Default,Default,Default,Default,11111111111111111111,Empty,RyuJit,Default,Arm64,8c5e7fda-e8bf-4a96-9a85-a6e23a8c635c,.NET 10.0,False,True,False,True,Default,Default,False,False,False,Default,Default,Default,Default,Default,Default,Default,Default,3,100ms,1,Default,Default,Default,Default,Default,Default,16,1,64,Square,"1,969,257.6 ns","581,410.91 ns","31,869.09 ns",15.6250,103.69 KB
RepeatedMinimumNormSolve,Job-QPBZFU,False,Default,Default,Default,Default,Default,Default,11111111111111111111,Empty,RyuJit,Default,Arm64,8c5e7fda-e8bf-4a96-9a85-a6e23a8c635c,.NET 10.0,False,True,False,True,Default,Default,False,False,False,Default,Default,Default,Default,Default,Default,Default,Default,3,100ms,1,Default,Default,Default,Default,Default,Default,16,1,64,Square,"7,132.4 ns",853.73 ns,46.80 ns,1.0653,4.58 KB
FactorSVD,Job-QPBZFU,False,Default,Default,Default,Default,Default,Default,11111111111111111111,Empty,RyuJit,Default,Arm64,8c5e7fda-e8bf-4a96-9a85-a6e23a8c635c,.NET 10.0,False,True,False,True,Default,Default,False,False,False,Default,Default,Default,Default,Default,Default,Default,Default,3,100ms,1,Default,Default,Default,Default,Default,Default,16,1,64,Tall,"3,767,893.7 ns","65,826.45 ns","3,608.17 ns",38.4615,172.19 KB
RepeatedMinimumNormSolve,Job-QPBZFU,False,Default,Default,Default,Default,Default,Default,11111111111111111111,Empty,RyuJit,Default,Arm64,8c5e7fda-e8bf-4a96-9a85-a6e23a8c635c,.NET 10.0,False,True,False,True,Default,Default,False,False,False,Default,Default,Default,Default,Default,Default,Default,Default,3,100ms,1,Default,Default,Default,Default,Default,Default,16,1,64,Tall,"15,281.7 ns","2,316.29 ns",126.96 ns,1.2165,5.08 KB
FactorSVD,Job-QPBZFU,False,Default,Default,Default,Default,Default,Default,11111111111111111111,Empty,RyuJit,Default,Arm64,8c5e7fda-e8bf-4a96-9a85-a6e23a8c635c,.NET 10.0,False,True,False,True,Default,Default,False,False,False,Default,Default,Default,Default,Default,Default,Default,Default,3,100ms,1,Default,Default,Default,Default,Default,Default,16,1,64,Wide,"4,060,594.6 ns","4,657,964.09 ns","255,318.73 ns",38.4615,240.29 KB
RepeatedMinimumNormSolve,Job-QPBZFU,False,Default,Default,Default,Default,Default,Default,11111111111111111111,Empty,RyuJit,Default,Arm64,8c5e7fda-e8bf-4a96-9a85-a6e23a8c635c,.NET 10.0,False,True,False,True,Default,Default,False,False,False,Default,Default,Default,Default,Default,Default,Default,Default,3,100ms,1,Default,Default,Default,Default,Default,Default,16,1,64,Wide,"14,210.1 ns","1,768.88 ns",96.96 ns,1.9841,8.58 KB
FactorSVD,Job-QPBZFU,False,Default,Default,Default,Default,Default,Default,11111111111111111111,Empty,RyuJit,Default,Arm64,8c5e7fda-e8bf-4a96-9a85-a6e23a8c635c,.NET 10.0,False,True,False,True,Default,Default,False,False,False,Default,Default,Default,Default,Default,Default,Default,Default,3,100ms,1,Default,Default,Default,Default,Default,Default,16,1,192,Square,"49,415,914.3 ns","3,202,894.35 ns","175,561.45 ns",0.0000,886.69 KB
RepeatedMinimumNormSolve,Job-QPBZFU,False,Default,Default,Default,Default,Default,Default,11111111111111111111,Empty,RyuJit,Default,Arm64,8c5e7fda-e8bf-4a96-9a85-a6e23a8c635c,.NET 10.0,False,True,False,True,Default,Default,False,False,False,Default,Default,Default,Default,Default,Default,Default,Default,3,100ms,1,Default,Default,Default,Default,Default,Default,16,1,192,Square,"71,706.9 ns","8,784.89 ns",481.53 ns,2.8409,13.58 KB
FactorSVD,Job-QPBZFU,False,Default,Default,Default,Default,Default,Default,11111111111111111111,Empty,RyuJit,Default,Arm64,8c5e7fda-e8bf-4a96-9a85-a6e23a8c635c,.NET 10.0,False,True,False,True,Default,Default,False,False,False,Default,Default,Default,Default,Default,Default,Default,Default,3,100ms,1,Default,Default,Default,Default,Default,Default,16,1,192,Tall,"76,269,804.7 ns","1,309,232.25 ns","71,763.44 ns",0.0000,1476.19 KB
RepeatedMinimumNormSolve,Job-QPBZFU,False,Default,Default,Default,Default,Default,Default,11111111111111111111,Empty,RyuJit,Default,Arm64,8c5e7fda-e8bf-4a96-9a85-a6e23a8c635c,.NET 10.0,False,True,False,True,Default,Default,False,False,False,Default,Default,Default,Default,Default,Default,Default,Default,3,100ms,1,Default,Default,Default,Default,Default,Default,16,1,192,Tall,"150,110.3 ns","21,307.63 ns","1,167.94 ns",2.9762,15.08 KB
FactorSVD,Job-QPBZFU,False,Default,Default,Default,Default,Default,Default,11111111111111111111,Empty,RyuJit,Default,Arm64,8c5e7fda-e8bf-4a96-9a85-a6e23a8c635c,.NET 10.0,False,True,False,True,Default,Default,False,False,False,Default,Default,Default,Default,Default,Default,Default,Default,3,100ms,1,Default,Default,Default,Default,Default,Default,16,1,192,Wide,"78,036,561.3 ns","892,126.11 ns","48,900.44 ns",0.0000,2064.29 KB
RepeatedMinimumNormSolve,Job-QPBZFU,False,Default,Default,Default,Default,Default,Default,11111111111111111111,Empty,RyuJit,Default,Arm64,8c5e7fda-e8bf-4a96-9a85-a6e23a8c635c,.NET 10.0,False,True,False,True,Default,Default,False,False,False,Default,Default,Default,Default,Default,Default,Default,Default,3,100ms,1,Default,Default,Default,Default,Default,Default,16,1,192,Wide,"142,473.3 ns","15,373.12 ns",842.65 ns,5.6818,25.58 KB
