Method,Job,AnalyzeLaunchVariance,EvaluateOverhead,MaxAbsoluteError,MaxRelativeError,MinInvokeCount,MinIterationTime,OutlierMode,Affinity,EnvironmentVariables,Jit,LargeAddressAware,Platform,PowerPlanMode,Runtime,AllowVeryLargeObjects,Concurrent,CpuGroups,Force,HeapAffinitizeMask,HeapCount,NoAffinitize,RetainVm,Server,Arguments,BuildConfiguration,Clock,EngineFactory,NuGetReferences,Toolchain,IsMutator,InvocationCount,IterationCount,IterationTime,LaunchCount,MaxIterationCount,MaxWarmupIterationCount,MemoryRandomization,MinIterationCount,MinWarmupIterationCount,RunStrategy,UnrollFactor,WarmupCount,Size,Mean,Error,StdDev,Gen0,Gen1,Allocated
FactorCholesky,Job-QPBZFU,False,Default,Default,Default,Default,Default,Default,11111111111111111111,Empty,RyuJit,Default,Arm64,8c5e7fda-e8bf-4a96-9a85-a6e23a8c635c,.NET 10.0,False,True,False,True,Default,Default,False,False,False,Default,Default,Default,Default,Default,Default,Default,Default,3,100ms,1,Default,Default,Default,Default,Default,Default,16,1,16,799.0 ns,110.92 ns,6.08 ns,0.6225,0.0000,2.55 KB
FactorSymmetricEigen,Job-QPBZFU,False,Default,Default,Default,Default,Default,Default,11111111111111111111,Empty,RyuJit,Default,Arm64,8c5e7fda-e8bf-4a96-9a85-a6e23a8c635c,.NET 10.0,False,True,False,True,Default,Default,False,False,False,Default,Default,Default,Default,Default,Default,Default,Default,3,100ms,1,Default,Default,Default,Default,Default,Default,16,1,16,"10,768.6 ns","1,188.17 ns",65.13 ns,0.6443,0.0000,2.91 KB
FactorNonsymmetricEigen,Job-QPBZFU,False,Default,Default,Default,Default,Default,Default,11111111111111111111,Empty,RyuJit,Default,Arm64,8c5e7fda-e8bf-4a96-9a85-a6e23a8c635c,.NET 10.0,False,True,False,True,Default,Default,False,False,False,Default,Default,Default,Default,Default,Default,Default,Default,3,100ms,1,Default,Default,Default,Default,Default,Default,16,1,16,"46,236.1 ns","5,577.09 ns",305.70 ns,0.9191,0.0000,5.58 KB
RepeatedLuSolve,Job-QPBZFU,False,Default,Default,Default,Default,Default,Default,11111111111111111111,Empty,RyuJit,Default,Arm64,8c5e7fda-e8bf-4a96-9a85-a6e23a8c635c,.NET 10.0,False,True,False,True,Default,Default,False,False,False,Default,Default,Default,Default,Default,Default,Default,Default,3,100ms,1,Default,Default,Default,Default,Default,Default,16,1,16,986.8 ns,98.51 ns,5.40 ns,0.2567,0.0000,1.05 KB
RepeatedCholeskySolve,Job-QPBZFU,False,Default,Default,Default,Default,Default,Default,11111111111111111111,Empty,RyuJit,Default,Arm64,8c5e7fda-e8bf-4a96-9a85-a6e23a8c635c,.NET 10.0,False,True,False,True,Default,Default,False,False,False,Default,Default,Default,Default,Default,Default,Default,Default,3,100ms,1,Default,Default,Default,Default,Default,Default,16,1,16,"1,003.3 ns",119.73 ns,6.56 ns,0.2503,0.0000,1.05 KB
FactorCholesky,Job-QPBZFU,False,Default,Default,Default,Default,Default,Default,11111111111111111111,Empty,RyuJit,Default,Arm64,8c5e7fda-e8bf-4a96-9a85-a6e23a8c635c,.NET 10.0,False,True,False,True,Default,Default,False,False,False,Default,Default,Default,Default,Default,Default,Default,Default,3,100ms,1,Default,Default,Default,Default,Default,Default,16,1,64,"20,329.5 ns","4,847.74 ns",265.72 ns,8.2929,0.0000,34.05 KB
FactorSymmetricEigen,Job-QPBZFU,False,Default,Default,Default,Default,Default,Default,11111111111111111111,Empty,RyuJit,Default,Arm64,8c5e7fda-e8bf-4a96-9a85-a6e23a8c635c,.NET 10.0,False,True,False,True,Default,Default,False,False,False,Default,Default,Default,Default,Default,Default,Default,Default,3,100ms,1,Default,Default,Default,Default,Default,Default,16,1,64,"450,483.8 ns","903,375.45 ns","49,517.06 ns",4.8077,0.0000,35.16 KB
FactorNonsymmetricEigen,Job-QPBZFU,False,Default,Default,Default,Default,Default,Default,11111111111111111111,Empty,RyuJit,Default,Arm64,8c5e7fda-e8bf-4a96-9a85-a6e23a8c635c,.NET 10.0,False,True,False,True,Default,Default,False,False,False,Default,Default,Default,Default,Default,Default,Default,Default,3,100ms,1,Default,Default,Default,Default,Default,Default,16,1,64,"1,810,885.1 ns","2,250,319.41 ns","123,347.60 ns",0.0000,0.0000,69.7 KB
RepeatedLuSolve,Job-QPBZFU,False,Default,Default,Default,Default,Default,Default,11111111111111111111,Empty,RyuJit,Default,Arm64,8c5e7fda-e8bf-4a96-9a85-a6e23a8c635c,.NET 10.0,False,True,False,True,Default,Default,False,False,False,Default,Default,Default,Default,Default,Default,Default,Default,3,100ms,1,Default,Default,Default,Default,Default,Default,16,1,64,"13,972.2 ns","1,701.31 ns",93.25 ns,0.9744,0.0000,4.05 KB
RepeatedCholeskySolve,Job-QPBZFU,False,Default,Default,Default,Default,Default,Default,11111111111111111111,Empty,RyuJit,Default,Arm64,8c5e7fda-e8bf-4a96-9a85-a6e23a8c635c,.NET 10.0,False,True,False,True,Default,Default,False,False,False,Default,Default,Default,Default,Default,Default,Default,Default,3,100ms,1,Default,Default,Default,Default,Default,Default,16,1,64,"14,007.4 ns","1,773.97 ns",97.24 ns,0.9766,0.0000,4.05 KB
FactorCholesky,Job-QPBZFU,False,Default,Default,Default,Default,Default,Default,11111111111111111111,Empty,RyuJit,Default,Arm64,8c5e7fda-e8bf-4a96-9a85-a6e23a8c635c,.NET 10.0,False,True,False,True,Default,Default,False,False,False,Default,Default,Default,Default,Default,Default,Default,Default,3,100ms,1,Default,Default,Default,Default,Default,Default,16,1,192,"472,153.4 ns","72,666.39 ns","3,983.09 ns",62.5000,14.4231,294.05 KB
FactorSymmetricEigen,Job-QPBZFU,False,Default,Default,Default,Default,Default,Default,11111111111111111111,Empty,RyuJit,Default,Arm64,8c5e7fda-e8bf-4a96-9a85-a6e23a8c635c,.NET 10.0,False,True,False,True,Default,Default,False,False,False,Default,Default,Default,Default,Default,Default,Default,Default,3,100ms,1,Default,Default,Default,Default,Default,Default,16,1,192,"12,146,748.5 ns","537,240.67 ns","29,447.97 ns",0.0000,0.0000,297.16 KB
FactorNonsymmetricEigen,Job-QPBZFU,False,Default,Default,Default,Default,Default,Default,11111111111111111111,Empty,RyuJit,Default,Arm64,8c5e7fda-e8bf-4a96-9a85-a6e23a8c635c,.NET 10.0,False,True,False,True,Default,Default,False,False,False,Default,Default,Default,Default,Default,Default,Default,Default,3,100ms,1,Default,Default,Default,Default,Default,Default,16,1,192,"50,820,340.8 ns","2,516,248.72 ns","137,924.08 ns",0.0000,0.0000,592.7 KB
RepeatedLuSolve,Job-QPBZFU,False,Default,Default,Default,Default,Default,Default,11111111111111111111,Empty,RyuJit,Default,Arm64,8c5e7fda-e8bf-4a96-9a85-a6e23a8c635c,.NET 10.0,False,True,False,True,Default,Default,False,False,False,Default,Default,Default,Default,Default,Default,Default,Default,3,100ms,1,Default,Default,Default,Default,Default,Default,16,1,192,"123,396.7 ns","12,943.06 ns",709.45 ns,2.4510,0.0000,12.05 KB
RepeatedCholeskySolve,Job-QPBZFU,False,Default,Default,Default,Default,Default,Default,11111111111111111111,Empty,RyuJit,Default,Arm64,8c5e7fda-e8bf-4a96-9a85-a6e23a8c635c,.NET 10.0,False,True,False,True,Default,Default,False,False,False,Default,Default,Default,Default,Default,Default,Default,Default,3,100ms,1,Default,Default,Default,Default,Default,Default,16,1,192,"123,157.0 ns","12,387.52 ns",679.00 ns,2.4510,0.0000,12.05 KB
